번호,상품명,대분류명,중분류명,소분류명,제조사명,총용량,총용량명,단위용량,단위용량명,2010-01,2010-02,2010-03,2010-04,2010-05,2010-06,2010-07,2010-08,2010-09,2010-10,2010-11,2010-12
1,샘표소면(1.1kg),가공식품,곡물가공품,국수,샘표,1100,g,100,g,,2996,2699,2960,2969,2909,3014,2564,3014,3013,3013,3013
2,샘표소면(650g),가공식품,곡물가공품,국수,샘표,650,g,100,g,,1539,1573,1488,1524,1534,1557,1514,1510,1517,1515,1511
3,샘표소면(900g),가공식품,곡물가공품,국수,샘표,900,g,100,g,,2401,2204,2267,2318,2271,2308,2385,2383,2412,2400,2400
4,옛날국수소면,가공식품,곡물가공품,국수,오뚜기,900,g,100,g,,2418,2341,2235,2094,1978,1959,1991,2175,2357,2298,2222
5,찰국수소면,가공식품,곡물가공품,국수,CJ제일제당,900,g,100,g,,2238,2364,2312,2315,2241,2220,2158,2155,2074,2132,2196
6,새참물만두(1000g),가공식품,곡물가공품,냉동만두,동원,1000,g,100,g,,6482,6529,6956,6889,6874,6676,5963,5918,6195,6527,7031
7,새참물만두(300g),가공식품,곡물가공품,냉동만두,동원,300,g,100,g,,5347,3570,2980,2980,2980,2980,2980,2980,2980,2980,2980
8,생야채돼지고기물만두(400g*2봉),가공식품,곡물가공품,냉동만두,CJ제일제당,800,g,100,g,,7102,7180,7193,6840,6864,6739,6856,6871,6931,6988,7069
9,생야채돼지고기물만두(650g+200g),가공식품,곡물가공품,냉동만두,CJ제일제당,850,g,100,g,,7268,7113,5994,7346,7904,7430,7608,7550,7713,7394,7423
10,생야채물만두(250g*3),가공식품,곡물가공품,냉동만두,풀무원,750,g,100,g,,,7292,6145,5870,7647,7680,7730,7980,7980,7980,7815
11,생야채물만두(700g),가공식품,곡물가공품,냉동만두,풀무원,700,g,100,g,,8568,8513,8459,8381,8431,8336,8310,7412,8181,8365,8623
12,CJ햇당면 ,가공식품,곡물가공품,당면,CJ제일제당,500,g,100,g,3742,3582,3892,3972,4010,4056,4063,4088,3518,3871,3909,3961
13,옛날당면,가공식품,곡물가공품,당면,오뚜기,500,g,100,g,3505,3521,3870,3939,3910,3934,3957,3937,3895,4006,3899,4318
14,고소한국산콩두부(부침용)(대상),가공식품,곡물가공품,두부,대상FNF,380,g,100,g,2726,2696,2666,2643,2655,2634,2588,2644,2693,2667,2725,2646
15,옛맛두부(부침용),가공식품,곡물가공품,두부,풀무원,420,g,100,g,2744,2786,2874,2890,2913,2942,2984,2947,2946,2962,2949,2960
16,행복한콩 깊은바다두부(부침용)(CJ),가공식품,곡물가공품,두부,CJ제일제당,330,g,100,g,2530,2460,2450,2375,2287,2269,2396,2465,2414,2327,2230,2276
17,삼양라면 5개입,가공식품,곡물가공품,라면,삼양식품,5,개,1,개,2679,2204,2290,2609,2817,2715,2813,2835,2843,2840,2843,2842
18,신라면,가공식품,곡물가공품,라면,농심,5,개,1,개,2945,2819,2898,2922,2947,2946,2914,2937,2942,2950,2943,2925
19,진라면(순한맛) 5개입,가공식품,곡물가공품,라면,오뚜기,5,개,1,개,2817,2822,2797,2778,2760,2686,2780,2695,2768,2764,2710,2780
20,곰표 중력밀가루  ,가공식품,곡물가공품,밀가루,대한제분,1000,g,100,g,,1407,1190,1101,1072,1078,1180,1189,1153,1190,1163,1086
21,백설 중력밀가루(1kg),가공식품,곡물가공품,밀가루,CJ제일제당,1000,g,100,g,1393,1270,1190,1163,1097,1189,1176,1122,1216,1203,1134,1121
22,큐원 영양강화밀가루(1kg),가공식품,곡물가공품,밀가루,삼양사,1000,g,100,g,1489,1629,1234,1165,1158,1116,1080,1067,1143,1157,1112,1105
23,백설부침가루(1kg),가공식품,곡물가공품,부침가루,CJ제일제당,1000,g,100,g,2092,1912,2012,2077,2035,1981,1836,2063,1813,2062,1992,1988
24,오뚜기부침가루(1kg),가공식품,곡물가공품,부침가루,오뚜기,1000,g,100,g,1946,1874,1983,2148,2091,2055,2013,2133,1843,2117,2083,2058
25,기린바로구워토스트,가공식품,곡물가공품,식빵,기린식품,350,g,100,g,,1475,1269,1083,1069,1188,1296,1334,1437,1379,1291,1318
26,부드러운숙식빵,가공식품,곡물가공품,식빵,샤니,380,g,100,g,,1485,1420,1317,1358,1395,1301,1319,1422,1417,1403,1391
27,신선한생크림식빵,가공식품,곡물가공품,식빵,삼립식품,315,g,100,g,,1470,1290,1438,1435,1396,1443,1408,1454,1392,1454,1450
28,켈로그 콘푸로스트(600g),가공식품,곡물가공품,씨리얼,농심,600,g,100,g,,,4702,4621,4782,4576,4420,5345,5202,5174,4545,4676
29,포스트 콘푸라이트(600g),가공식품,곡물가공품,씨리얼,동서식품,600,g,100,g,,,4908,4952,4777,4793,4679,4787,4799,5093,4522,4893
30,맛있는오뚜기밥(3+2),가공식품,곡물가공품,즉석밥,오뚜기,1050,g,100,g,,,3597,3421,3326,3235,3092,3415,3311,3342,3308,3635
31,맛있는오뚜기밥(6개입) ,가공식품,곡물가공품,즉석밥,오뚜기,1260,g,100,g,,,6535,5263,5483,5351,5521,5220,5572,5695,5504,5428
32,맛있는오뚜기밥(단품),가공식품,곡물가공품,즉석밥,오뚜기,210,g,100,g,,,1022,1126,1121,1212,1216,1206,1108,1131,1140,1174
33,센쿡찰진밥(3개입),가공식품,곡물가공품,즉석밥,동원F&B,630,g,100,g,,,3907,3446,3205,3228,3457,3465,3363,3438,3474,3396
34,센쿡찰진밥(6개입),가공식품,곡물가공품,즉석밥,동원F&B,1260,g,100,g,,,3511,4436,3895,3864,4392,4928,5428,5148,5248,5231
35,센쿡찰진밥(단품),가공식품,곡물가공품,즉석밥,동원F&B,210,g,100,g,,,1228,1083,1108,1089,1106,1089,1103,1114,1130,1120
36,햇반(엄마가해주신밥 3+1개입),가공식품,곡물가공품,즉석밥,CJ제일제당,840,g,100,g,,,3664,3679,3719,3680,3608,3620,3620,3547,3579,3720
37,햇반(엄마가해주신밥 6+2개입),가공식품,곡물가공품,즉석밥,CJ제일제당,1680,g,100,g,,,6650,6549,6543,6577,5945,6167,5537,6267,6187,5994
38,햇반(엄마가해주신밥 단품),가공식품,곡물가공품,즉석밥,CJ제일제당,210,g,100,g,,,1253,1257,1250,1236,1258,1259,1259,1250,1245,1239
39,CJ 가쓰오 우동 4인용,가공식품,곡물가공품,즉석우동,CJ제일제당,1013,g,100,g,,,6511,6444,6801,6810,6682,6622,6446,6805,6844,6691
40,면사랑 가쓰오 우동 4인용,가공식품,곡물가공품,즉석우동,오뚜기,1024,g,100,g,,,6847,7039,7008,6698,6737,6772,6752,6954,6971,6805
41,풀무원 가쓰오 우동 4인용,가공식품,곡물가공품,즉석우동,풀무원,943,g,100,g,,,7118,6991,7019,7033,7052,7034,7051,6930,6990,6899
42,칩포테이토 오리지날,가공식품,과자·빙과류,감자칩,농심,60,g,10,g,,1005,965,940,912,948,974,988,985,995,994,989
43,포카칩오리지날,가공식품,과자·빙과류,감자칩,오리온,56,g,10,g,,1045,975,941,902,944,964,950,938,943,945,946
44,자일리톨 76%,가공식품,과자·빙과류,껌,오리온,48,g,10,g,,,1117,1061,1110,1077,1081,1046,1012,1083,1158,1178
45,자일리톨 오리지날,가공식품,과자·빙과류,껌,롯데제과,90,g,10,g,,,3658,3666,3667,3702,3682,3613,3666,3859,3849,3810
46,국화빵 수(묶음),가공식품,과자·빙과류,모나카류아이스크림,롯데푸드,775,ml,10,ml,,5605,5217,5176,5139,4935,4353,4277,4616,4666,4578,4510
47,국화빵(단품),가공식품,과자·빙과류,모나카류아이스크림,롯데푸드,155,ml,10,ml,,945,1016,994,968,921,846,932,920,978,1002,978
48,참붕어 싸만코(단품),가공식품,과자·빙과류,모나카류아이스크림,빙그레,150,ml,10,ml,,893,844,913,916,892,828,894,885,909,939,907
49,참붕어 싸만코(묶음),가공식품,과자·빙과류,모나카류아이스크림,빙그레,750,ml,10,ml,,5451,5252,5351,5295,5242,5298,5269,5227,5224,5157,5186
50,메로나(단품),가공식품,과자·빙과류,빙과류,빙그레,80,ml,10,ml,,,418,435,426,421,411,431,426,444,449,447
51,메로나(묶음),가공식품,과자·빙과류,빙과류,빙그레,540,ml,10,ml,,,3098,3106,3088,3111,3116,3123,3332,3161,3157,3156
52,새우깡 ,가공식품,과자·빙과류,새우깡,농심,90,g,10,g,644,654,621,630,608,606,630,645,635,648,624,604
53,부라보콘 5개입 화이트바닐라,가공식품,과자·빙과류,아이스크림,해태제과,750,ml,10,ml,,,5513,5450,5287,5088,4594,4451,4349,4188,4134,4226
54,부라보콘(단품),가공식품,과자·빙과류,아이스크림,해태제과,150,ml,10,ml,,,848,990,965,970,1002,1017,1017,1038,1010,1001
55,월드콘바닐라(단품),가공식품,과자·빙과류,아이스크림,롯데제과,160,ml,10,ml,,,928,1017,1014,967,916,947,949,959,969,951
56,월드콘바닐라(묶음),가공식품,과자·빙과류,아이스크림,롯데제과,800,ml,10,ml,,,6535,5473,5341,5337,4428,4089,4889,4990,4863,4719
57,가나파이 오리지날 12개입,가공식품,과자·빙과류,초코파이,롯데제과,408,g,10,g,,2711,2678,2633,2617,2619,2609,2552,2734,2678,2857,2770
58,초코파이 18개입,가공식품,과자·빙과류,초코파이,오리온,630,g,10,g,,3621,3747,3778,3656,3808,3794,3804,3767,3807,3733,3746
59,가나초콜렛(단품),가공식품,과자·빙과류,초콜릿,롯데제과,20,g,10,g,,,435,413,405,367,468,413,414,414,418,431
60,가나초콜렛(묶음),가공식품,과자·빙과류,초콜릿,롯데제과,60,g,10,g,,,1004,994,1005,1045,1069,1074,1069,1084,1091,1091
61,목캔디,가공식품,과자·빙과류,캔디,롯데제과,182,g,10,g,,,1924,1955,1919,1986,2058,2065,2065,2088,2126,2126
62,아이비,가공식품,과자·빙과류,크래커,해태제과,155,g,10,g,,,1631,1521,1417,1501,1495,1535,1618,1600,1556,1531
63,참크래커,가공식품,과자·빙과류,크래커,크라운제과,280,g,10,g,,,2801,2760,2761,2746,2717,2605,2683,2671,2740,2752
64,떠먹는불가리스 뷰티(단품),가공식품,낙농·축산가공품,발효유,남양유업,85,g,10,g,,550,775,1142,,,,,,,,
65,떠먹는불가리스 뷰티(묶음),가공식품,낙농·축산가공품,발효유,남양유업,340,g,10,g,,2398,2256,2220,2176,2135,2129,2171,2360,2417,2427,2427
66,매일바이오거트(4개묶음),가공식품,낙농·축산가공품,발효유,매일유업,400,g,10,g,,2209,2112,2008,2000,2079,2145,2145,2144,2129,2147,2140
67,매일바이오거트(단품),가공식품,낙농·축산가공품,발효유,매일유업,100,g,10,g,,763,876,822,625,700,600,600,600,600,600,600
68,오리지널 요플레(4개묶음),가공식품,낙농·축산가공품,발효유,빙그레,360,g,10,g,,2108,2138,2109,2077,2095,2111,2105,2126,2106,2080,2077
69,오리지널 요플레(단품),가공식품,낙농·축산가공품,발효유,빙그레,90,g,10,g,,813,765,613,491,493,500,498,499,517,494,497
70,소와나무 모닝버터 가염,가공식품,낙농·축산가공품,버터,동원데어리푸드,180,g,10,g,,,5441,5203,4517,4447,4450,4461,4461,4462,4444,4426
71,소와나무 모닝버터 무염,가공식품,낙농·축산가공품,버터,동원데어리푸드,200,g,10,g,,,3504,3467,3424,3400,3415,3406,3421,3424,3371,3357
72,임페리얼분유XO 1단계,가공식품,낙농·축산가공품,분유,남양유업,800,g,100,g,,22263,21596,21966,22156,22076,21895,22070,22262,22177,22200,22334
73,프리미엄명작 1단계 ,가공식품,낙농·축산가공품,분유,매일유업,800,g,100,g,,21116,20612,20957,21047,20998,21030,20645,20409,18957,18600,17052
74,프리미엄프레쉬 1단계 ,가공식품,낙농·축산가공품,분유,일동후디스,800,g,100,g,,26751,26384,26600,26583,26627,26687,26670,26709,26623,26593,26757
75,롯데햄켄터키프랑크,가공식품,낙농·축산가공품,소시지,롯데햄,230,g,100,g,2346,2424,2447,2490,2563,2548,2577,2601,2608,2605,2597,2609
76,아메리칸후랑크,가공식품,낙농·축산가공품,소시지,CJ제일제당,230,g,100,g,3901,3760,3939,3909,3972,3954,3961,3975,3964,4015,4022,4022
77,남양유업 맛있는우유GT(1000ml),가공식품,낙농·축산가공품,우유,남양유업,1000,ml,100,ml,2126,2131,2076,2167,2140,2117,2155,2125,2122,2122,2109,2094
78,매일우유 오리지널(ESL)(1000ml),가공식품,낙농·축산가공품,우유,매일유업,1000,ml,100,ml,2178,2182,2182,2096,2105,2125,2179,2177,2146,2138,2169,2148
79,서울우유 흰우유(1000ml),가공식품,낙농·축산가공품,우유,서울우유,1000,ml,100,ml,2176,2177,2165,2163,2157,2149,2153,2165,2111,2029,2017,2019
80,남양유업 드빈치(200g),가공식품,낙농·축산가공품,치즈,남양유업,200,g,10,g,,,3660,3625,3658,3679,3677,3677,3676,3680,3679,3631
81,남양유업 드빈치(300g),가공식품,낙농·축산가공품,치즈,남양유업,300,g,10,g,,,4863,4852,4796,4799,4390,4349,4832,4939,4790,4838
82,매일유업 뼈로가는 칼슘치즈(180g),가공식품,낙농·축산가공품,치즈,매일유업,180,g,10,g,,,4643,4675,4695,4716,4713,4597,4685,4711,4719,4708
83,매일유업 뼈로가는 칼슘치즈(270g),가공식품,낙농·축산가공품,치즈,매일유업,270,g,10,g,,,6656,6436,6160,6079,6125,6364,6541,6542,6507,6393
84,서울우유 체다슬라이스치즈(200g),가공식품,낙농·축산가공품,치즈,서울우유,200,g,10,g,,,3563,3501,3486,3453,3451,3513,3495,3517,3499,3501
85,서울우유 체다슬라이스치즈(400g),가공식품,낙농·축산가공품,치즈,서울우유,400,g,10,g,,,6604,6528,6540,6545,6444,6667,6683,6577,6407,6362
86,롯데슬라이스햄,가공식품,낙농·축산가공품,햄류,롯데햄,100,g,10,g,2015,2328,2259,2186,2336,2433,2340,2278,2211,2157,2089,2025
87,식빵위의네모,가공식품,낙농·축산가공품,햄류,농협목우촌,100,g,10,g,2091,2053,1949,1958,2114,2122,2125,2132,2128,2133,2130,2132
88,참작 참잘만든 슬라이스햄,가공식품,낙농·축산가공품,햄류,대상,200,g,10,g,4052,4101,4086,4034,4093,4108,4129,4113,4120,4147,4087,4116
89,프레시안 샌드위치햄,가공식품,낙농·축산가공품,햄류,CJ제일제당,100,g,10,g,3667,3273,3200,2434,2347,2367,2411,2412,2409,2416,2421,2422
90,양반 올리브유로 구운김 5g(11매) 6개 묶음,가공식품,수산가공품,맛김,동원,6,봉,1,봉,,2007,2064,2261,2090,1961,1949,1960,1980,1980,,
91,대림게맛살큰잔치,가공식품,수산가공품,맛살,사조대림,500,g,100,g,1817,1860,2069,2364,2731,2756,2692,2754,2755,2806,2756,2735
92,싱싱맛살,가공식품,수산가공품,맛살,동원F&B,275,g,100,g,2875,3061,1896,1774,1732,1746,1754,1760,1753,1766,1764,1760
93,대림선어묵 부산어묵,가공식품,수산가공품,어묵,사조대림,300,g,100,g,1427,1296,1212,1197,1189,1180,1161,1108,1096,1136,1122,1267
94,프레시안삼호부산어묵,가공식품,수산가공품,어묵,CJ제일제당,350,g,100,g,1427,1640,1700,1698,1733,1726,1727,1723,1724,1725,1726,1715
95,마일드참치(단품),가공식품,수산가공품,참치캔,오뚜기,150,g,10,g,1834,1761,1646,1586,1647,1631,1710,1828,1761,1768,1734,1745
96,마일드참치(묶음),가공식품,수산가공품,참치캔,오뚜기,450,g,10,g,3596,3961,3853,4819,4828,4823,5012,4698,4435,4399,4268,4096
97,사조참치마일드(단품),가공식품,수산가공품,참치캔,사조산업,100,g,10,g,1945,2050,2018,1395,1090,1080,1036,1025,1025,1025,1031,1015
98,사조참치마일드(묶음),가공식품,수산가공품,참치캔,사조산업,300,g,10,g,4335,4002,4985,6350,5326,4200,4200,4200,3801,3807,3812,3915
99,살코기참치(단품),가공식품,수산가공품,참치캔,동원,165,g,10,g,2085,2349,2078,2064,1900,1698,1735,1735,1735,1685,1679,1689
100,살코기참치(묶음),가공식품,수산가공품,참치캔,동원,660,g,10,g,6620,7232,7525,7566,7537,7182,7980,7980,7980,8015,8016,7842
101,자연숙성 저염진간장,가공식품,조미료·장류·식용유,간장,대상,930,ml,100,ml,,,4150,4690,5025,4562,4381,4540,4559,4587,4588,4587
102,진간장 금F3,가공식품,조미료·장류·식용유,간장,샘표,930,ml,100,ml,,,3775,3681,3689,3662,3484,3924,3993,4002,3984,3961
103,순창 오리지널 우리쌀 찰고추장 ,가공식품,조미료·장류·식용유,고추장,대상,1000,g,100,g,,7059,7475,7665,7719,7174,7163,7756,7304,7838,7221,7691
104,태양초고추장,가공식품,조미료·장류·식용유,고추장,신송식품,900,g,100,g,,6925,6668,6578,6428,5739,5744,7037,7006,7240,6935,7043
105,태양초골드고추장 ,가공식품,조미료·장류·식용유,고추장,CJ제일제당,1000,g,100,g,,7555,7300,7111,6953,7129,6937,7377,7257,7353,7338,7644
106,순창재래식안심생된장 ,가공식품,조미료·장류·식용유,된장,대상,1000,g,100,g,,4461,5000,4426,4675,4461,4627,4344,4626,4703,4816,4751
107,숨쉬는콩된장 구수한맛,가공식품,조미료·장류·식용유,된장,샘표,950,g,100,g,,5839,5813,5530,5538,5907,5925,5612,5205,5466,5843,5825
108,해찬들 재래식 된장 ,가공식품,조미료·장류·식용유,된장,CJ제일제당,1000,g,100,g,,4194,4404,4227,4088,3936,4154,4171,4314,4587,4564,4807
109,딸기잼 ,가공식품,조미료·장류·식용유,딸기잼,오뚜기,500,g,100,g,,,2970,2861,2796,3023,3064,3448,3431,3399,3359,3334
110,복음자리 딸기쨈,가공식품,조미료·장류·식용유,딸기잼,복음자리,370,g,100,g,,,4047,3747,3609,3504,3496,3599,3561,3476,3470,3441
111,고소한골드마요네즈(오뚜기),가공식품,조미료·장류·식용유,마요네즈,오뚜기,500,g,100,g,2959,2896,2905,2943,2878,2857,2839,2742,2767,2993,2913,3120
112,고소한마요네즈(대상),가공식품,조미료·장류·식용유,마요네즈,대상,500,g,100,g,3037,3129,3513,3116,3158,3294,3258,3159,3169,3078,3049,3213
113,백설 하얀설탕,가공식품,조미료·장류·식용유,설탕,CJ제일제당,1000,g,100,g,1373,1363,1320,1372,1328,1335,1315,1471,1472,1463,1408,1460
114,큐원 하얀설탕,가공식품,조미료·장류·식용유,설탕,삼양사,1000,g,100,g,,1418,1269,1312,1364,1341,1293,1373,1474,1461,1407,1419
115,푸드림 하얀설탕,가공식품,조미료·장류·식용유,설탕,대한제당,1000,g,100,g,1280,1359,1243,1220,1189,1160,1124,1139,1176,1223,1184,1145
116,백설꽃소금,가공식품,조미료·장류·식용유,소금,CJ제일제당,1000,g,100,g,1048,1003,994,932,925,921,883,844,840,831,783,771
117,해표 꽃소금,가공식품,조미료·장류·식용유,소금,해표,1000,g,100,g,1037,974,915,953,943,1102,1109,1133,1126,1156,1125,1048
118,맑고신선한옥수수유,가공식품,조미료·장류·식용유,식용유,해표,900,ml,100,ml,,3290,3787,4155,4257,4250,4124,4065,4027,4069,4209,4200
119,맑고신선한해표식용유,가공식품,조미료·장류·식용유,식용유,해표,900,ml,100,ml,2951,3032,3047,3240,3055,2979,3052,3129,3112,3387,3251,3204
120,백설국내콩기름,가공식품,조미료·장류·식용유,식용유,CJ제일제당,900,ml,100,ml,2847,3284,3098,3416,3496,3410,2951,2793,3423,3212,3208,3410
121,오뚜기식용유(콩100%),가공식품,조미료·장류·식용유,식용유,오뚜기,900,ml,100,ml,2961,3170,3309,3082,3177,3233,3006,3064,3025,3278,3151,3323
122,2배 사과식초,가공식품,조미료·장류·식용유,식초,CJ제일제당,900,ml,100,ml,,,2232,2113,2153,2186,2200,2195,2198,2201,2220,2258
123,대상 사과식초,가공식품,조미료·장류·식용유,식초,대상,900,ml,100,ml,,,1932,1837,1818,1830,1774,1624,1612,1649,1646,1596
124,오뚜기 사과식초,가공식품,조미료·장류·식용유,식초,오뚜기,900,ml,100,ml,,,1787,1740,1731,1713,1713,1664,1666,1681,1646,1627
125,고소한참기름(오뚜기),가공식품,조미료·장류·식용유,참기름,오뚜기,320,ml,10,ml,,6078,6214,6327,6224,6205,5867,5592,5869,6437,6108,5997
126,진한참기름(CJ),가공식품,조미료·장류·식용유,참기름,CJ제일제당,320,ml,10,ml,,6420,6524,6455,6407,6322,6236,6167,6074,6011,5825,5652
127,참진한참기름(해표),가공식품,조미료·장류·식용유,참기름,해표,320,ml,10,ml,,5898,5985,5876,5450,5539,5550,5437,5452,5914,6201,6218
128,오뚜기카레 순한맛,가공식품,조미료·장류·식용유,카레,오뚜기,100,g,10,g,,1444,1386,1342,1301,1468,1635,1600,1614,1530,1479,1459
129,진한케찹(대상),가공식품,조미료·장류·식용유,케찹,대상,500,g,100,g,1833,1821,1798,1739,1634,1720,1700,1706,1670,1703,1650,1724
130,토마토케찹(오뚜기),가공식품,조미료·장류·식용유,케찹,오뚜기,500,g,100,g,1746,1736,1717,1708,1685,1638,1592,1531,1573,1708,1633,1745
131,맛선생 해물,가공식품,조미료·장류·식용유,혼합조미료,대상,250,g,10,g,,4999,5251,6528,6847,6654,6436,6208,5998,6037,5867,5747
132,웰빙 다시다 산들애 국내산해물,가공식품,조미료·장류·식용유,혼합조미료,CJ제일제당,250,g,10,g,,6039,5603,5871,5438,6206,6253,5748,6113,5401,5438,5568
133,델몬트 스카시플러스 100,가공식품,차·음료·주류,과일주스,롯데칠성음료,1500,ml,100,ml,,,3048,2992,3055,3122,3183,3203,3262,3258,3261,3213
134,미닛메이드 오리지날 오렌지100,가공식품,차·음료·주류,과일주스,코카콜라음료,1500,ml,100,ml,,,3115,3043,3082,3259,3224,3242,3289,3314,3306,3294
135,동서현미녹차 100포,가공식품,차·음료·주류,녹차류,동서식품,100,개,1,개,3982,4313,5205,5151,5132,5126,5211,5171,5227,5509,5388,5237
136,설록현미녹차,가공식품,차·음료·주류,녹차류,아모레퍼시픽,100,개,1,개,4048,4479,5378,5435,5264,5196,5165,5084,5016,5264,5471,5203
137,달콤한 삼육두유 B,가공식품,차·음료·주류,두유,삼육식품,3040,ml,100,ml,,,7704,9311,9657,9630,9574,9499,9516,9495,9584,9548
138,뼈로가는 칼슘두유 담백한맛,가공식품,차·음료·주류,두유,매일유업,3040,ml,100,ml,,,8635,9550,9566,9189,9234,9222,9156,9211,9219,9259
139,오비골든라거 6캔,가공식품,차·음료·주류,맥주,오비맥주,2130,ml,100,ml,,7459,7402,7456,7458,7474,7470,7480,7475,7487,7479,7475
140,오비골든라거(단품),가공식품,차·음료·주류,맥주,오비맥주,355,ml,100,ml,1304,1333,1312,1300,1283,1278,1284,1285,1285,1290,1289,1287
141,카스 프레쉬 6캔,가공식품,차·음료·주류,맥주,오비맥주,2130,ml,100,ml,,7534,7409,7420,7441,7421,7435,7441,7456,7458,7422,7425
142,카스 프레쉬(단품),가공식품,차·음료·주류,맥주,오비맥주,355,ml,100,ml,1302,1314,1293,1288,1286,1283,1295,1289,1288,1301,1291,1292
143,칠성사이다,가공식품,차·음료·주류,사이다,롯데칠성음료,1500,ml,100,ml,1383,1451,1394,1595,1573,1588,1567,1562,1622,1642,1579,1597
144,삼다수(2L 묶음),가공식품,차·음료·주류,생수,광동제약,12000,ml,100,ml,,4854,4864,4763,5063,4946,5033,4976,4891,5109,5054,4924
145,삼다수(2L),가공식품,차·음료·주류,생수,광동제약,2000,ml,100,ml,809,846,825,818,848,835,840,832,825,857,848,834
146,삼다수(500ml 묶음),가공식품,차·음료·주류,생수,광동제약,10000,ml,100,ml,,6616,6488,6113,7198,6976,7180,6856,6885,7468,7799,7542
147,삼다수(500ml),가공식품,차·음료·주류,생수,광동제약,500,ml,100,ml,341,376,365,367,367,362,364,351,348,381,389,386
148,아이시스(500ml),가공식품,차·음료·주류,생수,롯데칠성음료,500,ml,100,ml,321,356,372,378,379,378,380,376,370,374,378,375
149,워터라인,가공식품,차·음료·주류,생수,풀무원,500,ml,100,ml,504,452,453,467,478,479,478,483,481,470,469,468
150,참이슬 클래식,가공식품,차·음료·주류,소주,진로,360,ml,100,ml,1008,1052,1007,1016,1015,1012,1015,1015,1015,1014,1007,1005
151,처음처럼,가공식품,차·음료·주류,소주,롯데주류,360,ml,100,ml,1009,1032,1011,1011,1013,1014,1014,1016,1017,1019,1018,1017
152,동서 순보리차,가공식품,차·음료·주류,"차,음료",동서식품,30,개,1,개,,,1586,1545,1593,1603,1576,1577,1561,1607,1758,1700
153,옥수수수염차,가공식품,차·음료·주류,"차,음료",광동제약,340,ml,100,ml,,1388,1290,1179,1015,1000,1001,998,1010,1010,1024,1024
154,맥심모카골드,가공식품,차·음료·주류,커피믹스,동서식품,180,개,1,개,20323,20449,20994,21070,21730,21681,21347,21610,22042,21638,21799,21477
155,테이스터스초이스 마일드모카,가공식품,차·음료·주류,커피믹스,한국네슬레,180,개,1,개,19004,19431,19890,19239,20443,21471,20751,21256,21172,21177,21452,21126
156,코카콜라(1.5L),가공식품,차·음료·주류,콜라,코카콜라음료,1500,ml,100,ml,1658,1566,1644,1649,1646,1721,1742,1778,1804,1839,1809,1850
157,코카콜라(1.8L),가공식품,차·음료·주류,콜라,코카콜라음료,1800,ml,100,ml,,,1612,1692,1647,1826,1656,1557,1786,1862,1903,1800
158,펩시콜라(1.5L),가공식품,차·음료·주류,콜라,롯데칠성음료,1500,ml,100,ml,1042,1195,1111,1240,1197,1215,1212,1358,1343,1382,1341,1313
159,돼지고기삼겹살,농축수산물,정육·난류,돼지고기,삼겹살,100,g,100,g,1768,1928,1786,1680,1707,1688,1749,1823,1881,1701,1736,1728
160,쇠고기등심(1+등급),농축수산물,정육·난류,쇠고기,등심,100,g,100,g,10229,10123,9485,9779,9782,9774,9463,9269,10194,9282,9038,9088
161,쇠고기등심(1등급),농축수산물,정육·난류,쇠고기,등심,100,g,100,g,8351,8468,8729,8001,8073,7609,7777,7762,8319,8089,7809,7965
162,쇠고기불고기(1+등급),농축수산물,정육·난류,쇠고기,불고기,100,g,100,g,4492,4797,4651,4494,4473,4405,4615,4083,4537,4433,4090,4113
163,쇠고기불고기(1등급),농축수산물,정육·난류,쇠고기,불고기,100,g,100,g,3893,4566,4314,3875,4341,4494,4218,4042,4532,4269,4543,4601
164,찬마루 김밥단무지,농축수산물,채소,단무지,풀무원,400,g,100,g,,2181,2076,2136,2155,2149,2205,2269,2177,2203,2229,2282
165,하선정 숯 김밥단무지,농축수산물,채소,단무지,CJ제일제당,370,g,100,g,,2114,2112,2211,2279,2269,2164,2116,1989,2166,2184,2188
166,국산아작아작콩나물,농축수산물,채소,콩나물,종가집,350,g,100,g,1373,1326,1289,1285,1280,1258,1266,1256,1225,1411,1390,1354
167,국산콩 무농약 옛맛콩나물,농축수산물,채소,콩나물,풀무원,360,g,100,g,1542,1608,1787,1775,1739,1692,1663,1677,1708,1644,1768,1786
168,행복한콩 제주산콩 친환경콩나물,농축수산물,채소,콩나물,CJ제일제당,380,g,100,g,1436,1491,1514,1594,1594,1593,1593,1586,1567,1598,1591,1589
169,PASS 중형 고무장갑,일반공산품,세탁·주방·가사용품,고무장갑,마미손,1,개,1,개,,1562,1542,1486,1503,1502,1528,1668,1694,1674,1665,1725
170,민1호 중형 고무장갑,일반공산품,세탁·주방·가사용품,고무장갑,마미손,1,개,1,개,,2689,2634,2530,2518,1294,1222,1360,1360,1360,1396,1418
171,사랑 중형 고무장갑,일반공산품,세탁·주방·가사용품,고무장갑,마미손,1,개,1,개,,1400,1395,1343,1400,1400,1454,1620,1620,1620,1620,1727
172,심플중형 고무장갑,일반공산품,세탁·주방·가사용품,고무장갑,마미손,1,개,1,개,,1275,1421,1494,1337,1354,1367,1365,1374,1418,1418,1449
173,중형 고무장갑,일반공산품,세탁·주방·가사용품,고무장갑,태화지앤지,1,개,1,개,,1542,1510,1536,1526,1575,1644,1656,1602,1606,1653,1673
174,롯데랩(20cm x 50m),일반공산품,세탁·주방·가사용품,랩,롯데알미늄,50,m,1,m,,2542,2520,2486,2462,2641,2587,2512,2464,2564,2576,2557
175,크린랩(22cm x 50m),일반공산품,세탁·주방·가사용품,랩,크린랩,50,m,1,m,,2759,2629,2566,2782,2786,2842,2725,2707,2959,2964,3077
176,크린랩(30cm x 50m),일반공산품,세탁·주방·가사용품,랩,크린랩,50,m,1,m,,3847,3660,3566,3772,3739,3826,3716,3701,3981,3962,4206
177,후레쉬랩(25cm x 50m)(3M),일반공산품,세탁·주방·가사용품,랩,한국3M,50,m,1,m,,3031,3070,3028,3016,2934,3125,3164,3161,3156,3155,3205
178,피죤 용기 옐로미모사,일반공산품,세탁·주방·가사용품,섬유유연제,피죤,3500,ml,100,ml,5596,5782,5889,5310,5026,5287,5270,5346,5642,6188,6370,6604
179,비트(단품),일반공산품,세탁·주방·가사용품,세탁세제,CJ라이온,3200,g,100,g,9111,9143,8440,7568,8690,10272,9487,9641,9706,10075,10243,11092
180,비트(묶음),일반공산품,세탁·주방·가사용품,세탁세제,CJ라이온,6000,g,100,g,8063,9728,12042,10683,17600,17800,17800,18250,28500,13270,17673,16319
181,테크(단품),일반공산품,세탁·주방·가사용품,세탁세제,LG생활건강,3200,g,100,g,8646,7972,8606,8725,7979,8489,10590,10964,12493,12519,12585,13201
182,테크(묶음),일반공산품,세탁·주방·가사용품,세탁세제,LG생활건강,4200,g,100,g,11706,10479,11103,10704,10222,10053,9935,9657,11549,9929,11547,9620
183,파워크린,일반공산품,세탁·주방·가사용품,세탁세제,옥시레킷벤키저,7000,g,100,g,10631,10874,11814,11331,10966,11714,11749,14484,14182,14365,14146,14168
184,퍼펙트,일반공산품,세탁·주방·가사용품,세탁세제,애경,3200,g,100,g,9413,8779,9812,8290,8165,8935,8826,10271,12996,14007,13871,13700
185,CJ 참그린 ,일반공산품,세탁·주방·가사용품,주방세제,CJ라이온,965,ml,100,ml,5057,4455,4928,4649,4579,5046,5974,6104,6157,5983,5653,5752
186,항균트리오,일반공산품,세탁·주방·가사용품,주방세제,애경,1950,ml,100,ml,4369,4061,4269,4107,4018,4071,3885,4073,4692,4852,5058,5194
187,깨끗한나라그린티,일반공산품,세탁·주방·가사용품,키친타월,깨끗한나라,720,매,10,매,5056,4999,5136,5614,5793,6005,6518,6695,6480,7021,6740,7161
188,디럭스키친타올 ,일반공산품,세탁·주방·가사용품,키친타월,유한킴벌리,600,매,10,매,6327,6144,6165,5905,6327,6698,6229,6119,6759,7425,7535,7535
189,롯데호일(25cm x 30m),일반공산품,세탁·주방·가사용품,호일,롯데알미늄,30,m,1,m,,3927,3900,3856,3881,3803,3948,3997,4023,4055,4052,4008
190,롯데호일(30cm x 30m) ,일반공산품,세탁·주방·가사용품,호일,롯데알미늄,30,m,1,m,,4768,4792,4627,4611,4573,4762,4817,4814,4845,4856,4852
191,웰빙호일(20cm x 30m),일반공산품,세탁·주방·가사용품,호일,대한,30,m,1,m,,3106,3108,3041,3140,3135,3359,3352,3361,3314,3302,3300
192,웰빙호일(25cm x 30m),일반공산품,세탁·주방·가사용품,호일,대한,30,m,1,m,,3630,3663,3656,3691,3804,4053,4016,3985,3960,4085,4519
193,쿠킹호일(20cm x 30m)(삼아),일반공산품,세탁·주방·가사용품,호일,삼아알미늄,30,m,1,m,,3500,3359,3033,3139,3467,3489,3500,3500,3475,3474,3474
194,쿠킹호일(25cm x 30m)(대한) ,일반공산품,세탁·주방·가사용품,호일,대한,30,m,1,m,,4050,5006,3825,3958,4075,4054,3980,3987,3840,3850,3850
195,쿠킹호일(25cm x 30m)(삼아),일반공산품,세탁·주방·가사용품,호일,삼아알미늄,30,m,1,m,,4488,4003,3850,3934,4197,4185,4194,4194,4194,4181,4230
196,쿠킹호일(30cm x 30m),일반공산품,세탁·주방·가사용품,호일,대한,30,m,1,m,,5200,5863,4468,4477,4795,4929,5026,4970,4875,4735,4686
197,바디드림 살색 팬티형,일반공산품,의류·신변용품,스타킹,남영비비안,1,개,1,개,,,1700,2980,3164,3031,3030,3029,3028,3027,3033,3033
198,비너스15 데니어 실키 소프트 살구색 팬티형,일반공산품,의류·신변용품,스타킹,신영와코루,1,개,1,개,,,3032,2945,2980,2986,2988,3002,3026,3026,3047,3015
199,가그린 레귤러,일반공산품,의약외품,구강청정제,동아제약,250,ml,10,ml,,,2937,2620,2467,2473,2428,2265,2091,2153,2533,2728
200,깨끗한나라 벚꽃 3겹데코,일반공산품,이미용품,두루마리화장지,깨끗한나라,24,롤,1,롤,,17948,19238,17506,18626,19591,21833,22182,21577,16438,17036,16485
201,깨끗한나라 순수 3겹데코,일반공산품,이미용품,두루마리화장지,깨끗한나라,24,롤,1,롤,14134,15505,15468,15137,15033,15773,15796,17631,16499,16358,17687,17064
202,코디 울트라 에어쿠션,일반공산품,이미용품,두루마리화장지,쌍용C&B,24,롤,1,롤,17067,15437,18281,15956,16313,16725,16290,16000,16000,16000,15925,15853
203,크리넥스데코앤소프트,일반공산품,이미용품,두루마리화장지,유한킴벌리,24,롤,1,롤,18021,18617,19537,19125,19944,20793,20516,20993,20628,20625,20495,19530
204,깨끗한 나라(단품),일반공산품,이미용품,물휴지,깨끗한나라,70,매,10,매,3092,3944,3816,3413,3304,3426,3265,3110,3237,3201,3246,3240
205,깨끗한 나라(묶음),일반공산품,이미용품,물휴지,깨끗한나라,210,매,10,매,9031,9911,9758,10030,10003,9097,9081,9088,9086,8911,8942,8989
206,닥터 아토마일드(단품),일반공산품,이미용품,물휴지,보령메디앙스,20,매,10,매,4858,4760,4550,4777,4964,4900,4900,4856,4725,4397,4538,4900
207,닥터 아토마일드(묶음),일반공산품,이미용품,물휴지,보령메디앙스,360,매,10,매,12658,11310,11682,11166,11597,10328,9661,9798,9792,10173,11473,10804
208,하기스 코튼케어(단품),일반공산품,이미용품,물휴지,유한킴벌리,70,매,10,매,5011,4397,4623,4545,4686,4434,4233,4875,4800,4667,5084,5500
209,하기스 코튼케어(묶음),일반공산품,이미용품,물휴지,유한킴벌리,348,매,10,매,10808,11347,12150,11270,11687,11110,10938,11016,10968,11411,10925,11058
210,바디피트 볼록맞춤울트라중형,일반공산품,이미용품,생리대,LG생활건강,16,개,1,개,7273,6291,5954,5614,3984,3894,3776,3681,3744,3846,3789,3915
211,위스퍼 리프레시 클린케어 중형날개,일반공산품,이미용품,생리대,한국P&G,36,개,1,개,7067,6752,6780,6440,6747,7317,7624,7992,8212,8146,8111,8311
212,화이트 NEW시크릿홀 울트라 날개 중형,일반공산품,이미용품,생리대,유한킴벌리,36,개,1,개,7823,7093,7115,7075,7392,7348,7480,7631,7881,8072,8010,8064
213,P&G 아이보리,일반공산품,이미용품,세면용비누,한국P&G,3,개,1,개,,2088,2327,2325,2188,2242,2275,2269,2262,2275,2262,2258
214,도브 뷰티바,일반공산품,이미용품,세면용비누,유니레버코리아,4,개,1,개,,5537,5264,5036,6406,6736,6829,6819,6756,6937,6671,7095
215,두보레 장미비누,일반공산품,이미용품,세면용비누,아모레퍼시픽,4,개,1,개,,3885,4148,3927,4101,4301,4373,4036,3960,4025,4466,4307
216,알뜨랑비누 핑크,일반공산품,이미용품,세면용비누,LG생활건강,3,개,1,개,,2412,2418,2129,2631,2640,2573,2444,2252,2211,2200,2564
217,iope 모이스쳐 래스팅 에멀젼,일반공산품,이미용품,여성용 로션,아모레퍼시픽,120,ml,10,ml,,,34000,34000,34000,34000,34000,34000,34000,34000,34000,34000
218,라네즈 밸런싱 에멀젼 2 EX,일반공산품,이미용품,여성용 로션,아모레퍼시픽,120,ml,10,ml,,,22000,22112,22000,22000,22000,22000,22000,22000,22000,22057
219,이자녹스 알람셀 하이드라 로션,일반공산품,이미용품,여성용 로션,LG생활건강,150,ml,10,ml,,,38000,37848,38000,37771,37669,37771,38000,38000,38000,38000
220,iope 모이스쳐 래스팅 소프너,일반공산품,이미용품,여성용 스킨,아모레퍼시픽,150,ml,10,ml,,,32000,32000,32000,32000,32000,32000,32000,32000,32000,32000
221,라네즈 파워 에센셜 스킨 EX,일반공산품,이미용품,여성용 스킨,아모레퍼시픽,160,ml,10,ml,,,20500,20000,20000,19999,20000,20000,20000,20000,20000,20000
222,이자녹스 알람셀 하이드라 스킨,일반공산품,이미용품,여성용 스킨,LG생활건강,170,ml,10,ml,,,34000,34000,34000,33871,33797,33872,34000,34000,34293,34000
223,도브 탄력볼륨테라피 린스,일반공산품,이미용품,일반린스,유니레버코리아,820,ml,100,ml,7210,7441,7918,7627,9103,9709,8026,8036,8307,8637,8846,8970
224,미장센 펄샤이닝모이스쳐 린스,일반공산품,이미용품,일반린스,아모레퍼시픽,780,ml,100,ml,6553,8274,9683,7811,8694,8388,8555,8757,7144,8996,9348,9880
225,엘라스틴 볼륨컨트롤 린스,일반공산품,이미용품,일반린스,LG생활건강,780,ml,100,ml,8132,9684,10046,9585,9578,8692,8471,7752,7983,8333,9977,9376
226,펜틴 밀키모이스쳐 린스,일반공산품,이미용품,일반린스,한국P&G,850,ml,100,ml,9787,9691,10667,10800,10582,10065,9772,9760,9068,9896,9456,9278
227,PACE 6 면도날,일반공산품,이미용품,일반면도날,도루코,4,개,1,개,,11532,10665,10107,10501,10168,9723,8993,8709,8937,9099,9795
228,마하3 면도날,일반공산품,이미용품,일반면도날,질레트,4,개,1,개,,10743,10228,9641,9709,9302,8832,8926,8569,9068,9252,8577
229,익스트림3 서브제로 3날,일반공산품,이미용품,일반면도날,쉬크,4,개,1,개,,8482,8887,8230,8226,8340,8352,8258,8239,8327,8404,8375
230,도브 탄력볼륨테라피 샴푸,일반공산품,이미용품,일반샴푸,유니레버코리아,820,ml,100,ml,7720,7907,7672,7425,8289,9299,7433,7595,7858,8307,8563,8844
231,미장센 펄샤이닝모이스쳐 샴푸,일반공산품,이미용품,일반샴푸,아모레퍼시픽,780,ml,100,ml,7839,8491,9814,8239,8830,8646,8971,8710,7684,8954,9388,9636
232,엘라스틴 볼륨컨트롤 샴푸,일반공산품,이미용품,일반샴푸,LG생활건강,780,ml,100,ml,9637,9780,10026,9593,9553,8787,8520,7868,8101,8386,9605,9282
233,펜틴 밀키모이스쳐 샴푸,일반공산품,이미용품,일반샴푸,한국P&G,850,ml,100,ml,,9882,10686,10770,10565,10059,9326,9060,8726,9645,9455,8996
234,뉴하기스골드4 남아용,일반공산품,이미용품,종이기저귀,유한킴벌리,60,개,1,개,23227,24346,25719,25273,25753,26560,26110,26954,27194,27258,27092,26893
235,2080 오리지날(단품),일반공산품,이미용품,치약,애경,160,g,10,g,3566,2262,2838,2292,2359,2350,2245,2231,2274,2281,2352,2270
236,2080 오리지날(묶음),일반공산품,이미용품,치약,애경,480,g,10,g,5794,4972,5415,5003,4614,4830,4665,4711,4881,5216,5387,5781
237,메디안크리닉치약(단품),일반공산품,이미용품,치약,아모레퍼시픽,160,g,10,g,3351,1688,2262,1851,1700,1700,1700,1700,1700,1700,1700,1700
238,메디안크리닉치약(묶음),일반공산품,이미용품,치약,아모레퍼시픽,480,g,10,g,3740,3519,3836,3045,3079,2915,2528,2670,2705,2770,2847,3112
239,페리오A(단품),일반공산품,이미용품,치약,LG생활건강,130,g,10,g,3335,2542,3739,2450,2361,2285,2053,2000,2000,2165,2275,2275
240,페리오A(묶음),일반공산품,이미용품,치약,LG생활건강,390,g,10,g,4427,4659,4306,4644,4424,5088,4893,4735,4890,4951,5142,5202
241,Neut.핸드크림,일반공산품,이미용품,핸드로션,한국존슨앤존슨,56,g,10,g,6577,5989,5864,5706,5620,6260,5510,5939,6087,6069,5912,6395
242,니베아 SOS,일반공산품,이미용품,핸드로션,니베아,50,g,10,g,6577,7032,6293,6351,5928,5921,5834,5860,5998,6036,6087,6165
243,뷰티 모이스처,일반공산품,이미용품,핸드로션,유니레버코리아,75,g,10,g,5113,5690,4382,4742,4855,4850,4855,4829,4843,4851,4889,4877
